GROUP,PACKAGE,CLASS,INSTRUCTION_MISSED,INSTRUCTION_COVERED,BRANCH_MISSED,BRANCH_COVERED,LINE_MISSED,LINE_COVERED,COMPLEXITY_MISSED,COMPLEXITY_COVERED,METHOD_MISSED,METHOD_COVERED
ERS,com.ers.util,ConnectionUtil,3,29,0,2,2,10,0,4,0,3
ERS,com.ers.repo,UserDao,109,225,24,20,1,41,20,9,0,7
ERS,com.ers.repo,ReimbursementDao,212,318,46,28,0,49,36,8,0,7
ERS,com.ers.controller,ReimbursementController,194,0,6,0,46,0,10,0,7,0
ERS,com.ers.controller,UserController,10,94,1,5,3,25,1,6,0,4
ERS,com.ers.model,Reimbursement,0,148,0,2,0,56,0,29,0,28
ERS,com.ers.model,UserRole,0,30,0,3,0,14,0,7,0,5
ERS,com.ers.model,ReimbursementStatus,0,81,3,15,0,26,3,15,0,6
ERS,com.ers.model,User,0,76,0,0,0,31,0,16,0,16
ERS,com.ers.model,ReimbursementType,0,38,0,5,0,18,0,9,0,5
ERS,com.ers.service,ReimbursementService,0,31,0,0,0,9,0,6,0,6
ERS,com.ers.service,UserService,0,32,0,0,0,9,0,6,0,6
ERS,com.ers.servlet,LoginServlet,135,20,34,2,23,4,23,2,1,2
ERS,com.ers.servlet,DataServlet,17,0,0,0,5,0,3,0,3,0
ERS,com.ers.servlet,RequestForwarder,54,70,18,12,8,11,14,8,0,3
